left_pupil_x,left_pupil_y,right_pupil_x,right_pupil_y,gaze_direction,status_L,status_R
-1,-1,-1,-1,Unknown,Unknown,Unknown
441.77279521674143,1423.090134529148,813.166810925178,1454.9838430467398,Looking left,Unknown,Unknown
387.71756672873994,1493.4955514173391,721.3061741332634,1517.0259365994236,Blinking,Saccade,Saccade
-1,-1,-1,-1,Unknown,Saccade,Saccade
357.6938065414057,1571.4168406402227,665.089995899959,1602.4583845838458,Blinking,Unknown,Unknown
379.115268127561,1551.522893283449,691.2471264367816,1591.1429744311517,Blinking,Fixation,Fixation
404.33084808946876,1541.2006834420627,712.8387968511338,1578.5705557513807,Blinking,Fixation,Fixation
415.95783926218706,1534.3921277997365,722.8823529411765,1568.0576923076924,Blinking,Fixation,Fixation
413.06332865387617,1524.2210263609422,722.852487890797,1564.9148686334947,Blinking,Fixation,Fixation
409.4024327915772,1514.3194316671777,745.8794049437186,1560.419876689858,Blinking,Fixation,Fixation
421.8629069234296,1515.2668500687757,733.893404188809,1556.9995832030843,Blinking,Fixation,Fixation
425.1696126363295,1511.3046257991725,757.0518774387514,1554.713554660014,Blinking,Fixation,Fixation
425.954530257439,1508.9037111334003,731.2866553094832,1551.1022146507667,Blinking,Fixation,Fixation
428.5440158259149,1551.610534124629,736.4683647359851,1577.5767620376832,Blinking,Saccade,Fixation
480.99555061179086,1478.865529600791,847.4446463178294,1470.26683624031,Blinking,Saccade,Saccade
-1,-1,-1,-1,Unknown,Unknown,Unknown
-1,-1,-1,-1,Unknown,Unknown,Unknown
-1,-1,-1,-1,Unknown,Unknown,Unknown
-1,-1,-1,-1,Unknown,Unknown,Unknown
-1,-1,-1,-1,Unknown,Unknown,Unknown
-1,-1,-1,-1,Unknown,Unknown,Unknown
-1,-1,-1,-1,Unknown,Unknown,Unknown
-1,-1,-1,-1,Unknown,Unknown,Unknown
-1,-1,-1,-1,Unknown,Unknown,Unknown
-1,-1,-1,-1,Unknown,Unknown,Unknown
-1,-1,-1,-1,Unknown,Unknown,Unknown
-1,-1,-1,-1,Unknown,Unknown,Unknown
-1,-1,-1,-1,Unknown,Unknown,Unknown
804.2852852852852,1463.6086086086086,1184.14496880933,1498.3658462164362,Looking left,Unknown,Unknown
-1,-1,-1,-1,Unknown,Saccade,Saccade
616.7417440660474,1410.8224329205366,983.9186095478733,1439.336778836951,Looking left,Unknown,Unknown
594.0705376344087,1442.6659498207885,962.3954888308674,1473.5497534087613,Looking left,Saccade,Saccade
546.0516619183286,1481.3553181386515,919.0648265773568,1500.0603225930631,Looking center,Saccade,Saccade
560.6192950285249,1492.1126222493888,934.9620052979085,1514.1581069861227,Looking center,Fixation,Fixation
560.6192950285249,1492.1126222493888,934.9620052979085,1514.1581069861227,Looking center,Fixation,Fixation
560.7624046798287,1492.1069152825655,936.5587205793603,1514.4119493059748,Looking left,Fixation,Fixation
559.1007678051363,1493.5413290971671,938.4278276714825,1515.4886546054058,Looking center,Fixation,Fixation
551.3205814016318,1491.9945426055006,926.2821779913063,1517.688080530771,Blinking,Fixation,Fixation
553.5430186823992,1489.8160029498524,931.4647810715257,1516.8431692502945,Blinking,Fixation,Fixation
554.1811281028369,1490.7802526595744,930.4914067472947,1515.1214088690856,Blinking,Fixation,Fixation
556.0020410543503,1493.3136225798928,937.0363861664977,1515.9650219668806,Blinking,Fixation,Fixation
556.3484585183755,1490.657655918131,935.9598387182343,1518.5628415300546,Blinking,Fixation,Fixation
554.7139818216979,1488.0407400244956,944.2660813365038,1513.657642826657,Blinking,Fixation,Fixation
549.5247093023256,1501.186369509044,934.8780094149294,1524.3703653889263,Blinking,Fixation,Fixation
543.9874566319722,1518.4338137176408,920.951063476238,1532.2725157859754,Blinking,Fixation,Fixation
542.2634352559649,1524.0249015520037,915.0015908900612,1538.3181780122247,Blinking,Fixation,Fixation
545.2941207184629,1446.829626148705,914.2270105441053,1464.6126235350307,Looking center,Saccade,Saccade
579.534284581847,1397.05781099598,951.9042548642292,1424.4330553773787,Looking center,Saccade,Saccade
572.6525734152852,1434.5603774756316,953.406968894428,1465.0273666718597,Blinking,Saccade,Saccade
546.5431361212823,1451.9007515899018,921.0527196252748,1485.647691425294,Blinking,Saccade,Saccade
547.518407960199,1465.1952343545431,925.5300350223877,1493.9517223034977,Looking center,Fixation,Fixation
548.4183175861018,1464.5494767855328,933.3714900829096,1491.3404333287526,Blinking,Fixation,Fixation
549.4585532443341,1464.6356204077408,932.3202786174268,1493.9585140403908,Blinking,Fixation,Fixation
548.6425789257893,1468.7327285772858,934.3681578343657,1498.1777471897224,Blinking,Fixation,Fixation
555.0523179187439,1468.8608675720589,939.8229965156795,1497.8434959349593,Blinking,Fixation,Fixation
543.638932957283,1474.8847758387685,931.3186830497795,1506.0735139676538,Blinking,Fixation,Fixation
549.5652488184598,1475.9768140116764,926.588948069241,1505.1640923213492,Blinking,Fixation,Fixation
543.9010941191098,1477.514733308467,921.1586351107309,1512.1289326109686,Blinking,Fixation,Fixation
539.8407675689414,1482.3045494980302,924.1665916704164,1514.6204689765511,Blinking,Fixation,Fixation
546.2510040160643,1483.0051820183962,931.7033121916843,1514.6227977448907,Blinking,Fixation,Fixation
542.5233289727777,1481.553541394132,912.7567015573143,1510.4621734320483,Blinking,Fixation,Fixation
544.568048457316,1481.5000315477316,912.7765567765567,1510.996081437942,Blinking,Fixation,Fixation
540.6797634941827,1486.8114946913345,918.1026440037772,1519.8219074598678,Blinking,Fixation,Fixation
563.7060836241702,1463.2795456100732,946.246360522372,1498.8363840719333,Blinking,Saccade,Saccade
563.7060836241702,1463.2795456100732,946.246360522372,1498.8363840719333,Blinking,Fixation,Fixation
549.0149274750036,1515.2509505703422,912.1201819898704,1546.118293415744,Blinking,Saccade,Saccade
523.5015647660484,1548.6669719868712,881.0935956790123,1580.6992283950617,Blinking,Saccade,Saccade
510.9879713162156,1572.3845323463645,871.0294511378848,1601.5550200803214,Blinking,Fixation,Fixation
482.0716913414087,1593.3349484073576,828.3246361835874,1619.9539309394645,Blinking,Saccade,Saccade
482.94255479969763,1585.881762228701,831.9793451361127,1614.356653340948,Blinking,Fixation,Fixation
447.1350067842605,1575.185210312076,741.1228692482018,1635.0216770125135,Blinking,Saccade,Saccade
471.2341645170536,1499.9656061908856,733.4638568683957,1571.8428194044188,Blinking,Saccade,Saccade
462.6386524822695,1498.2446808510638,748.315750028825,1566.9654675429495,Blinking,Fixation,Fixation
466.08519511468575,1492.4432529043788,763.8448487473829,1569.035520901018,Blinking,Fixation,Fixation
466.08519511468575,1492.4432529043788,763.8448487473829,1569.035520901018,Blinking,Fixation,Fixation
473.85,1485.4969444444444,796.1651567944251,1570.775493612079,Blinking,Fixation,Saccade
-1,-1,-1,-1,Unknown,Saccade,Saccade
463.09366391184574,1455.1701101928375,763.6649022513939,1539.427270802456,Looking center,Unknown,Unknown
466.7347079037801,1455.0164948453607,762.1621666666666,1541.6245,Blinking,Fixation,Fixation
476.81671361502345,1461.8659154929578,773.6662977990901,1543.4495266199435,Blinking,Fixation,Fixation
472.02070921985813,1468.8851063829786,772.0874935666495,1549.9494767541603,Blinking,Fixation,Fixation
481.8081795150199,1475.4145855953673,796.3019115715745,1556.3916532905298,Blinking,Fixation,Fixation
483.1374157098597,1485.303626754146,779.8525141372459,1559.7754852514138,Looking center,Fixation,Fixation
484.8856259659969,1487.9340546110252,784.5311123348017,1563.803597650514,Blinking,Fixation,Fixation
481.2815746309459,1480.5491160925824,799.7316010660106,1561.5659594095941,Blinking,Fixation,Fixation
479.3917878528657,1482.3090960935272,797.8775709083449,1563.2231625378263,Blinking,Fixation,Fixation
479.3917878528657,1482.3090960935272,797.8775709083449,1563.2231625378263,Blinking,Fixation,Fixation
485.1607709750567,1481.7356009070295,800.4869741804467,1562.7491151726138,Blinking,Fixation,Fixation
485.1607709750567,1481.7356009070295,800.4869741804467,1562.7491151726138,Blinking,Fixation,Fixation
487.18268618714194,1477.9830256736686,804.1036963805129,1561.437743724941,Blinking,Fixation,Fixation
487.18268618714194,1477.9830256736686,804.1036963805129,1561.437743724941,Blinking,Fixation,Fixation
483.35472269543817,1480.3180011357183,798.949304029304,1563.1950671550671,Blinking,Fixation,Fixation
483.35472269543817,1480.3180011357183,798.949304029304,1563.1950671550671,Blinking,Fixation,Fixation
483.96928245740344,1482.5737940964723,803.4938760426566,1563.0970330482526,Blinking,Fixation,Fixation
483.96928245740344,1482.5737940964723,803.4938760426566,1563.0970330482526,Blinking,Fixation,Fixation
487.72257273045915,1484.5536277602523,804.8218565266017,1567.3982531820845,Blinking,Fixation,Fixation
637.4100294985251,1340.2884300229432,927.3645531877576,1427.3356134350608,Looking center,Saccade,Saccade
-1,-1,-1,-1,Unknown,Saccade,Saccade
-1,-1,-1,-1,Unknown,Unknown,Unknown
-1,-1,-1,-1,Unknown,Unknown,Unknown
-1,-1,-1,-1,Unknown,Unknown,Unknown
-1,-1,-1,-1,Unknown,Unknown,Unknown
567.4469487280875,1670.3508633188349,940.7765096559951,1655.2487668053004,Looking center,Unknown,Unknown
602.3147451089735,1719.8815930108276,974.2099169943207,1706.239369448085,Looking center,Saccade,Saccade
576.3732963395638,1737.2562792056074,952.8859667431991,1758.5530856466987,Looking center,Saccade,Saccade
585.757172880117,1727.5135690789473,971.6880089576547,1772.273072747014,Looking center,Fixation,Fixation
588.5460257618599,1754.2887213320766,969.1279378246086,1794.2969771699734,Looking left,Fixation,Fixation
-1,-1,-1,-1,Unknown,Saccade,Saccade
-1,-1,-1,-1,Unknown,Unknown,Unknown
-1,-1,-1,-1,Unknown,Unknown,Unknown
-1,-1,-1,-1,Unknown,Unknown,Unknown
-1,-1,-1,-1,Unknown,Unknown,Unknown
-1,-1,-1,-1,Unknown,Unknown,Unknown
534.2280141843971,1256.0632092198582,803.3328502415459,1326.4549919484703,Blinking,Unknown,Unknown
579.2923376675017,1632.668654817289,937.5360239634242,1594.6729202795732,Looking center,Unknown,Unknown
579.2923376675017,1632.668654817289,937.5360239634242,1594.6729202795732,Looking center,Fixation,Fixation
574.6594546412219,1637.5244520076171,937.0174763736525,1594.7739943961628,Looking center,Fixation,Fixation
574.6594546412219,1637.5244520076171,937.0174763736525,1594.7739943961628,Looking center,Fixation,Fixation
-1,-1,-1,-1,Unknown,Saccade,Saccade
-1,-1,-1,-1,Unknown,Unknown,Unknown
-1,-1,-1,-1,Unknown,Unknown,Unknown
-1,-1,-1,-1,Unknown,Unknown,Unknown
-1,-1,-1,-1,Unknown,Unknown,Unknown
-1,-1,-1,-1,Unknown,Unknown,Unknown
534.5720405479917,1594.2169911354285,909.0013924344396,1557.6825249477838,Blinking,Unknown,Unknown
534.5720405479917,1594.2169911354285,909.0013924344396,1557.6825249477838,Blinking,Fixation,Fixation
545.2263295158182,1575.786748308576,916.9626279863481,1545.3087599544938,Looking center,Fixation,Fixation
545.2263295158182,1575.786748308576,916.9626279863481,1545.3087599544938,Looking center,Fixation,Fixation
-1,-1,-1,-1,Unknown,Saccade,Saccade
-1,-1,-1,-1,Unknown,Unknown,Unknown
535.1767710170488,1597.7288727219284,909.6396591789311,1558.5342112057835,Looking center,Unknown,Unknown
535.1767710170488,1597.7288727219284,909.6396591789311,1558.5342112057835,Looking center,Fixation,Fixation
-1,-1,-1,-1,Unknown,Saccade,Saccade
-1,-1,-1,-1,Unknown,Unknown,Unknown
544.483869736189,1588.812316267705,913.7023994476092,1555.6816272512804,Looking center,Unknown,Unknown
544.483869736189,1588.812316267705,913.7023994476092,1555.6816272512804,Looking center,Fixation,Fixation
-1,-1,-1,-1,Unknown,Saccade,Saccade
-1,-1,-1,-1,Unknown,Unknown,Unknown
595.4380471966139,1587.1524323070678,941.913164847216,1564.337371018394,Blinking,Unknown,Unknown
595.4380471966139,1587.1524323070678,941.913164847216,1564.337371018394,Blinking,Fixation,Fixation
-1,-1,-1,-1,Unknown,Saccade,Saccade
-1,-1,-1,-1,Unknown,Unknown,Unknown
-1,-1,-1,-1,Unknown,Unknown,Unknown
-1,-1,-1,-1,Unknown,Unknown,Unknown
548.0126786537575,1630.64976179499,909.235807860262,1600.0595757953836,Looking center,Unknown,Unknown
548.0126786537575,1630.64976179499,909.235807860262,1600.0595757953836,Looking center,Fixation,Fixation
551.0504482553962,1540.3939337144286,956.6376563194312,1532.104392814067,Looking center,Unknown,Unknown
551.0504482553962,1540.3939337144286,956.6376563194312,1532.104392814067,Looking center,Fixation,Fixation
463.6863063063063,1487.3473273273273,876.173861550305,1485.9130692248475,Looking center,Saccade,Saccade
463.6863063063063,1487.3473273273273,876.173861550305,1485.9130692248475,Looking center,Fixation,Fixation
533.2354040713806,1401.401676450831,965.8422670843486,1400.1744401902772,Looking center,Saccade,Saccade
533.2354040713806,1401.401676450831,965.8422670843486,1400.1744401902772,Looking center,Fixation,Fixation
425.4211979975833,1441.419788250187,879.7146503757242,1422.8141742671944,Looking center,Saccade,Saccade
425.4211979975833,1441.419788250187,879.7146503757242,1422.8141742671944,Looking center,Fixation,Fixation
434.6495951992964,1450.8600398334238,903.1760528074866,1442.078375668449,Looking center,Fixation,Saccade
434.6495951992964,1450.8600398334238,903.1760528074866,1442.078375668449,Looking center,Fixation,Fixation
630.5968716894123,1416.7874992210382,910.3365114974762,1395.7815167944163,Looking center,Unknown,Unknown
630.5968716894123,1416.7874992210382,910.3365114974762,1395.7815167944163,Looking center,Fixation,Fixation
626.2045107794362,1403.3331343283583,905.8085373509102,1385.668549905838,Looking center,Fixation,Fixation
626.2045107794362,1403.3331343283583,905.8085373509102,1385.668549905838,Looking center,Fixation,Fixation
610.6249176005274,1401.8726653482752,893.0076282567821,1380.0146118721461,Looking center,Fixation,Fixation
610.6249176005274,1401.8726653482752,893.0076282567821,1380.0146118721461,Looking center,Fixation,Fixation
598.8159902878946,1405.5938836859752,881.1420464316423,1383.2066494697622,Looking center,Fixation,Fixation
601.8790009374582,1423.0980313378866,856.7567172120245,1398.2581138600692,Looking center,Unknown,Unknown
601.8790009374582,1423.0980313378866,856.7567172120245,1398.2581138600692,Looking center,Fixation,Fixation
603.1654942279943,1398.5603354978355,855.8261240310078,1379.3644961240311,Looking center,Fixation,Fixation
603.1654942279943,1398.5603354978355,855.8261240310078,1379.3644961240311,Looking center,Fixation,Fixation
546.7362495761275,1401.382909460834,786.464363743726,1369.2135222911131,Looking center,Saccade,Saccade
546.7362495761275,1401.382909460834,786.464363743726,1369.2135222911131,Looking center,Fixation,Fixation
546.424815498155,1401.050430504305,795.6326093252244,1364.0299449753836,Looking center,Fixation,Fixation
546.424815498155,1401.050430504305,795.6326093252244,1364.0299449753836,Looking center,Fixation,Fixation
657.9578870673953,1301.783606557377,923.6457818081891,1291.4809013465238,Looking center,Saccade,Saccade
657.9578870673953,1301.783606557377,923.6457818081891,1291.4809013465238,Looking center,Fixation,Fixation
661.1074415612267,1296.5645864607907,925.5494330614681,1289.208209004708,Looking center,Fixation,Fixation
661.1074415612267,1296.5645864607907,925.5494330614681,1289.208209004708,Looking center,Fixation,Fixation
656.5077196232824,1304.3334105295662,921.1147077992614,1297.6516040263596,Looking center,Fixation,Fixation
656.5077196232824,1304.3334105295662,921.1147077992614,1297.6516040263596,Looking center,Fixation,Fixation
655.2619979402677,1306.9395125300377,919.6148501091919,1300.0749123155317,Looking center,Fixation,Fixation
655.2619979402677,1306.9395125300377,919.6148501091919,1300.0749123155317,Looking center,Fixation,Fixation
624.1416773458636,1315.9805638615976,885.3752373203146,1308.8813398426905,Looking center,Saccade,Saccade
624.1416773458636,1315.9805638615976,885.3752373203146,1308.8813398426905,Looking center,Fixation,Fixation
657.106293138449,1317.7638652050346,921.7700599711532,1314.743566385789,Looking center,Saccade,Saccade
657.106293138449,1317.7638652050346,921.7700599711532,1314.743566385789,Looking center,Fixation,Fixation
632.8270571827057,1335.4463970246397,882.9111012826183,1333.014226743329,Looking center,Saccade,Saccade
632.8270571827057,1335.4463970246397,882.9111012826183,1333.014226743329,Looking center,Fixation,Fixation
499.1533708485049,1381.180321085733,930.34341078038,1374.5013218873441,Looking center,Unknown,Unknown
499.1533708485049,1381.180321085733,930.34341078038,1374.5013218873441,Looking center,Fixation,Fixation
492.66826895565094,1375.5411731044348,928.9741689339212,1365.2182818901085,Looking center,Fixation,Fixation
492.66826895565094,1375.5411731044348,928.9741689339212,1365.2182818901085,Looking center,Fixation,Fixation
476.6201206747937,1380.7374091860609,907.0052716168434,1371.2671488267438,Looking center,Fixation,Fixation
476.6201206747937,1380.7374091860609,907.0052716168434,1371.2671488267438,Looking center,Fixation,Fixation
481.2726313451072,1387.1080195490392,912.7079567929408,1377.1284649322988,Looking center,Fixation,Fixation
481.2726313451072,1387.1080195490392,912.7079567929408,1377.1284649322988,Looking center,Fixation,Fixation
460.2938260994127,1385.4466695315857,890.7893335809576,1379.35664097564,Looking center,Fixation,Fixation
460.2938260994127,1385.4466695315857,890.7893335809576,1379.35664097564,Looking center,Fixation,Fixation
461.50567441860466,1399.9958759689923,897.3376201610808,1393.6459469992205,Looking center,Fixation,Fixation
461.50567441860466,1399.9958759689923,897.3376201610808,1393.6459469992205,Looking center,Fixation,Fixation
461.2978151970547,1405.5505160239,893.363120162416,1398.0249333840884,Looking center,Fixation,Fixation
461.2978151970547,1405.5505160239,893.363120162416,1398.0249333840884,Looking center,Fixation,Fixation
481.31773522064947,1448.3006383569248,906.0637108380383,1443.1522749916971,Blinking,Saccade,Saccade
482.7660979952898,1415.6996955597679,920.0250130436117,1405.0435810085014,Looking center,Unknown,Unknown
482.7660979952898,1415.6996955597679,920.0250130436117,1405.0435810085014,Looking center,Fixation,Fixation
496.6337834206637,1415.814187827489,919.076013143483,1413.4740416210295,Looking center,Fixation,Fixation
496.6337834206637,1415.814187827489,919.076013143483,1413.4740416210295,Looking center,Fixation,Fixation
478.15723495702,1415.9431411174785,909.2522088353413,1406.8518802482658,Looking center,Fixation,Fixation
478.15723495702,1415.9431411174785,909.2522088353413,1406.8518802482658,Looking center,Fixation,Fixation
497.5047277584449,1410.1338887131358,916.9724506578948,1401.4094366776317,Looking center,Fixation,Fixation
497.5047277584449,1410.1338887131358,916.9724506578948,1401.4094366776317,Looking center,Fixation,Fixation
462.9292958750526,1413.2955186157285,878.7079066821493,1406.0932826630071,Looking center,Saccade,Saccade
462.9292958750526,1413.2955186157285,878.7079066821493,1406.0932826630071,Looking center,Fixation,Fixation
472.75729055258466,1403.0253832442068,892.4972274289285,1399.3493830053108,Looking center,Fixation,Fixation
472.75729055258466,1403.0253832442068,892.4972274289285,1399.3493830053108,Looking center,Fixation,Fixation
502.21529341137625,1384.705838211016,924.6347277085655,1382.5909382490968,Looking center,Saccade,Saccade
502.21529341137625,1384.705838211016,924.6347277085655,1382.5909382490968,Looking center,Fixation,Fixation
502.38572780987823,1402.248261678582,937.2137531881499,1400.5822706167025,Looking center,Fixation,Fixation
502.38572780987823,1402.248261678582,937.2137531881499,1400.5822706167025,Looking center,Fixation,Fixation
497.40492750206295,1420.109748909584,924.2559254227053,1420.069972826087,Blinking,Fixation,Fixation
497.40492750206295,1420.109748909584,924.2559254227053,1420.069972826087,Blinking,Fixation,Fixation
494.3232258523738,1427.14186063065,918.8754112744023,1425.308071945602,Looking center,Fixation,Fixation
494.3232258523738,1427.14186063065,918.8754112744023,1425.308071945602,Looking center,Fixation,Fixation
485.49016242331777,1428.6311623915324,916.5514726706315,1424.1522939677145,Looking center,Fixation,Fixation
485.49016242331777,1428.6311623915324,916.5514726706315,1424.1522939677145,Looking center,Fixation,Fixation
427.9697163574323,1444.489016847942,851.3301620859761,1431.7302090674184,Blinking,Saccade,Saccade
427.9697163574323,1444.489016847942,851.3301620859761,1431.7302090674184,Blinking,Fixation,Fixation
477.802495800336,1430.859251259899,900.2090958811898,1426.433632041735,Looking center,Saccade,Saccade
477.802495800336,1430.859251259899,900.2090958811898,1426.433632041735,Looking center,Fixation,Fixation
433.0305946791862,1438.7311424100155,855.479450922021,1435.7753659141651,Blinking,Saccade,Saccade
433.0305946791862,1438.7311424100155,855.479450922021,1435.7753659141651,Blinking,Fixation,Fixation
447.17265873015873,1450.3850396825396,875.0883794335077,1450.5512085721405,Blinking,Fixation,Fixation
447.17265873015873,1450.3850396825396,875.0883794335077,1450.5512085721405,Blinking,Fixation,Fixation
480.2103881416858,1448.173270325942,909.8450066369954,1449.9259779807917,Blinking,Saccade,Saccade
634.2865215137376,1443.810057024365,992.3349785533815,1434.889711498913,Blinking,Unknown,Unknown
634.2865215137376,1443.810057024365,992.3349785533815,1434.889711498913,Blinking,Fixation,Fixation
473.05041415277634,1290.5197872993149,878.722041674632,1296.4855030905499,Looking center,Saccade,Saccade
473.05041415277634,1290.5197872993149,878.722041674632,1296.4855030905499,Looking center,Fixation,Fixation
428.5470484700785,1403.762354454373,819.3848887911765,1357.7441281008391,Looking center,Saccade,Saccade
428.5470484700785,1403.762354454373,819.3848887911765,1357.7441281008391,Looking center,Fixation,Fixation
480.74154269160897,1444.2763784553445,870.1139865451389,1405.4505208333333,Blinking,Saccade,Saccade
480.74154269160897,1444.2763784553445,870.1139865451389,1405.4505208333333,Blinking,Fixation,Fixation
464.15065599288414,1401.511452079164,824.9591496822266,1359.5525750602674,Looking center,Saccade,Saccade
464.15065599288414,1401.511452079164,824.9591496822266,1359.5525750602674,Looking center,Fixation,Fixation
503.2636997077995,1381.5959541469992,866.9771082557968,1353.251169201989,Looking center,Saccade,Saccade
503.2636997077995,1381.5959541469992,866.9771082557968,1353.251169201989,Looking center,Fixation,Fixation
-1,-1,-1,-1,Unknown,Saccade,Saccade
-1,-1,-1,-1,Unknown,Unknown,Unknown
519.4471420643729,1274.316777654458,890.4343666283964,1253.771636323875,Blinking,Unknown,Unknown
519.4471420643729,1274.316777654458,890.4343666283964,1253.771636323875,Blinking,Fixation,Fixation
534.7693526661913,1304.420885825212,919.1954866008463,1290.1378937470615,Looking center,Saccade,Saccade
574.2581920903955,1424.0970447631464,932.2165238350294,1413.2756650598108,Looking center,Unknown,Unknown
574.2581920903955,1424.0970447631464,932.2165238350294,1413.2756650598108,Looking center,Fixation,Fixation
563.0768812822603,1417.7545775604456,903.8837535014005,1398.232492997199,Blinking,Fixation,Saccade
563.0768812822603,1417.7545775604456,903.8837535014005,1398.232492997199,Blinking,Fixation,Fixation
527.1513826043238,1356.5607340372046,892.603785417023,1338.2259848355282,Blinking,Saccade,Saccade
527.1513826043238,1356.5607340372046,892.603785417023,1338.2259848355282,Blinking,Fixation,Fixation
475.53195600475624,1368.0768925881887,835.4069753741015,1319.3851184164016,Blinking,Saccade,Saccade
475.53195600475624,1368.0768925881887,835.4069753741015,1319.3851184164016,Blinking,Fixation,Fixation
493.21395250212043,1383.619423240034,872.7635026668738,1354.3724302211174,Looking center,Fixation,Saccade
493.21395250212043,1383.619423240034,872.7635026668738,1354.3724302211174,Looking center,Fixation,Fixation
467.301041813982,1446.7715080375242,843.6143891542135,1420.138653520259,Blinking,Saccade,Saccade
467.301041813982,1446.7715080375242,843.6143891542135,1420.138653520259,Blinking,Fixation,Fixation
600.1099258814103,1348.7886117788462,940.0574127135732,1350.9880611270296,Blinking,Saccade,Saccade
600.1099258814103,1348.7886117788462,940.0574127135732,1350.9880611270296,Blinking,Fixation,Fixation
519.0791072371896,1513.3278746258145,900.5901286921695,1495.4872338545808,Looking center,Saccade,Saccade
519.0791072371896,1513.3278746258145,900.5901286921695,1495.4872338545808,Looking center,Fixation,Fixation
645.3112012787409,1532.5503504241976,1002.0403401226023,1520.0037571682815,Blinking,Saccade,Saccade
645.3112012787409,1532.5503504241976,1002.0403401226023,1520.0037571682815,Blinking,Fixation,Fixation
-1,-1,-1,-1,Unknown,Saccade,Saccade
-1,-1,-1,-1,Unknown,Unknown,Unknown
603.0395166759139,1397.7642562110843,930.7498317631225,1403.274113952445,Blinking,Unknown,Unknown
603.0395166759139,1397.7642562110843,930.7498317631225,1403.274113952445,Blinking,Fixation,Fixation
448.7765543171747,1502.968712233114,790.8166564354409,1450.116482504604,Blinking,Saccade,Saccade
448.7765543171747,1502.968712233114,790.8166564354409,1450.116482504604,Blinking,Fixation,Fixation
-1,-1,-1,-1,Unknown,Saccade,Saccade
-1,-1,-1,-1,Unknown,Unknown,Unknown
-1,-1,-1,-1,Unknown,Unknown,Unknown
-1,-1,-1,-1,Unknown,Unknown,Unknown
-1,-1,-1,-1,Unknown,Unknown,Unknown
561.0188331106446,1519.4445504867342,964.3549256758428,1481.5685736192524,Looking center,Unknown,Unknown
561.0188331106446,1519.4445504867342,964.3549256758428,1481.5685736192524,Looking center,Fixation,Fixation
527.3063511240613,1341.5459455617938,964.6288289494232,1310.7702518796154,Looking center,Saccade,Saccade
527.3063511240613,1341.5459455617938,964.6288289494232,1310.7702518796154,Looking center,Fixation,Fixation
575.8741195817431,1307.3861429147662,996.0942132495318,1275.2725454718598,Looking center,Saccade,Saccade
575.8741195817431,1307.3861429147662,996.0942132495318,1275.2725454718598,Looking center,Fixation,Fixation
-1,-1,-1,-1,Unknown,Saccade,Saccade
-1,-1,-1,-1,Unknown,Unknown,Unknown
460.44421988682296,1336.7445701967124,896.0409776953588,1323.8151496419925,Looking center,Unknown,Unknown
460.44421988682296,1336.7445701967124,896.0409776953588,1323.8151496419925,Looking center,Fixation,Fixation
-1,-1,-1,-1,Unknown,Unknown,Unknown
-1,-1,-1,-1,Unknown,Unknown,Unknown
-1,-1,-1,-1,Unknown,Unknown,Unknown
-1,-1,-1,-1,Unknown,Unknown,Unknown
-1,-1,-1,-1,Unknown,Unknown,Unknown
-1,-1,-1,-1,Unknown,Unknown,Unknown
444.55255227265667,1367.669618168826,874.8626471120767,1353.7336230309613,Looking center,Unknown,Unknown
444.55255227265667,1367.669618168826,874.8626471120767,1353.7336230309613,Looking center,Fixation,Fixation
449.7771725315031,1394.9107019646294,876.5421764083975,1366.4439284096059,Blinking,Fixation,Fixation
430.0541687061511,1487.2770707565128,884.2307727077542,1459.4785635184305,Looking center,Unknown,Unknown
430.0541687061511,1487.2770707565128,884.2307727077542,1459.4785635184305,Looking center,Fixation,Fixation
492.61533223076174,1470.0055777150826,925.3087792207792,1478.0202943722943,Looking center,Saccade,Saccade
492.61533223076174,1470.0055777150826,925.3087792207792,1478.0202943722943,Looking center,Fixation,Fixation
349.9429164707726,1556.2518805829807,771.8677574727299,1525.40005666525,Blinking,Saccade,Saccade
349.9429164707726,1556.2518805829807,771.8677574727299,1525.40005666525,Blinking,Fixation,Fixation
404.0466922339406,1623.9957494407158,863.47991242474,1593.8060481663929,Looking center,Saccade,Saccade
404.0466922339406,1623.9957494407158,863.47991242474,1593.8060481663929,Looking center,Fixation,Fixation
473.0437648128308,1617.772085321905,901.1423410404624,1595.7444605009634,Looking center,Saccade,Saccade
473.0437648128308,1617.772085321905,901.1423410404624,1595.7444605009634,Looking center,Fixation,Fixation
-1,-1,-1,-1,Unknown,Saccade,Saccade
-1,-1,-1,-1,Unknown,Unknown,Unknown
-1,-1,-1,-1,Unknown,Unknown,Unknown
-1,-1,-1,-1,Unknown,Unknown,Unknown
-1,-1,-1,-1,Unknown,Unknown,Unknown
-1,-1,-1,-1,Unknown,Unknown,Unknown
-1,-1,-1,-1,Unknown,Unknown,Unknown
-1,-1,-1,-1,Unknown,Unknown,Unknown
522.0395082782634,1768.0595821786399,1005.4854111405836,1747.1199988947833,Blinking,Unknown,Unknown
522.0395082782634,1768.0595821786399,1005.4854111405836,1747.1199988947833,Blinking,Fixation,Fixation
-1,-1,-1,-1,Unknown,Saccade,Saccade
-1,-1,-1,-1,Unknown,Unknown,Unknown
-1,-1,-1,-1,Unknown,Unknown,Unknown
-1,-1,-1,-1,Unknown,Unknown,Unknown
-1,-1,-1,-1,Unknown,Unknown,Unknown
-1,-1,-1,-1,Unknown,Unknown,Unknown
-1,-1,-1,-1,Unknown,Unknown,Unknown
-1,-1,-1,-1,Unknown,Unknown,Unknown
-1,-1,-1,-1,Unknown,Unknown,Unknown
-1,-1,-1,-1,Unknown,Unknown,Unknown
-1,-1,-1,-1,Unknown,Unknown,Unknown
-1,-1,-1,-1,Unknown,Unknown,Unknown
603.5437452995739,1408.6507061084649,941.0573761567773,1404.8686263835964,Looking right,Unknown,Unknown
603.5437452995739,1408.6507061084649,941.0573761567773,1404.8686263835964,Looking right,Fixation,Fixation
425.9115779989352,1429.2197239628129,755.3197069353093,1391.4862209641162,Looking center,Saccade,Saccade
425.9115779989352,1429.2197239628129,755.3197069353093,1391.4862209641162,Looking center,Fixation,Fixation
377.48072402444757,1337.466337564645,757.9036916505644,1312.249160988508,Looking right,Unknown,Unknown
377.48072402444757,1337.466337564645,757.9036916505644,1312.249160988508,Looking right,Fixation,Fixation
521.1944678461107,1604.0569362538613,883.1190383994837,1574.4396902226524,Looking right,Saccade,Saccade
521.1944678461107,1604.0569362538613,883.1190383994837,1574.4396902226524,Looking right,Fixation,Fixation
570.6244114451285,1590.5086321381143,932.5303889789303,1563.118246893571,Blinking,Saccade,Saccade
570.6244114451285,1590.5086321381143,932.5303889789303,1563.118246893571,Blinking,Fixation,Fixation
-1,-1,-1,-1,Unknown,Saccade,Saccade
-1,-1,-1,-1,Unknown,Unknown,Unknown
384.0043321889815,1328.5399297041033,752.7121012308465,1288.3590492338608,Looking right,Unknown,Unknown
384.0043321889815,1328.5399297041033,752.7121012308465,1288.3590492338608,Looking right,Fixation,Fixation
526.682833407949,1350.0376560712332,868.2899900427576,1316.90036900369,Blinking,Saccade,Saccade
526.682833407949,1350.0376560712332,868.2899900427576,1316.90036900369,Blinking,Fixation,Fixation
577.4863209876543,1308.7977777777778,921.9328305108866,1271.48380057872,Looking center,Saccade,Saccade
577.4863209876543,1308.7977777777778,921.9328305108866,1271.48380057872,Looking center,Fixation,Fixation
496.39941283377607,1284.9273032294143,883.2018768508904,1237.4084458290065,Blinking,Saccade,Saccade
496.39941283377607,1284.9273032294143,883.2018768508904,1237.4084458290065,Blinking,Fixation,Fixation
374.0911559029206,1377.3605100781572,785.4086883544248,1318.8822633008679,Looking center,Saccade,Saccade
374.0911559029206,1377.3605100781572,785.4086883544248,1318.8822633008679,Looking center,Fixation,Fixation
404.8279904151285,1399.963991969432,807.9887831518363,1355.4185879198142,Looking center,Saccade,Saccade
404.8279904151285,1399.963991969432,807.9887831518363,1355.4185879198142,Looking center,Fixation,Fixation
313.92577698341773,1506.6679575017376,769.4875884851344,1461.7948088721096,Looking right,Unknown,Unknown
693.3069429029473,1508.2241953385128,923.9503267973856,1484.8136752136752,Looking center,Saccade,Saccade
549.0770042194093,1440.0698839662448,774.8193649495776,1411.998023984737,Looking center,Saccade,Saccade
549.0770042194093,1440.0698839662448,774.8193649495776,1411.998023984737,Looking center,Fixation,Fixation
593.0456256921373,1424.3880398671097,826.3860317460318,1389.8480634920634,Looking center,Saccade,Saccade
593.0456256921373,1424.3880398671097,826.3860317460318,1389.8480634920634,Looking center,Fixation,Fixation
601.7028177736491,1370.197631212262,834.0076425631981,1339.711019661637,Looking center,Saccade,Saccade
601.7028177736491,1370.197631212262,834.0076425631981,1339.711019661637,Looking center,Fixation,Fixation
605.1351244567364,1345.5980508362966,823.6850991979738,1323.3431827775432,Blinking,Fixation,Fixation
605.1351244567364,1345.5980508362966,823.6850991979738,1323.3431827775432,Blinking,Fixation,Fixation
587.800883360375,1337.050477735713,822.206486754147,1307.848642403235,Looking center,Fixation,Fixation
587.800883360375,1337.050477735713,822.206486754147,1307.848642403235,Looking center,Fixation,Fixation
581.3654334933634,1343.4634284100537,815.3507829977628,1314.0456375838926,Looking center,Fixation,Fixation
581.3654334933634,1343.4634284100537,815.3507829977628,1314.0456375838926,Looking center,Fixation,Fixation
573.7493833685694,1353.5811310782242,808.9997369805366,1321.5582149745749,Looking center,Fixation,Fixation
573.7493833685694,1353.5811310782242,808.9997369805366,1321.5582149745749,Looking center,Fixation,Fixation
580.04179922234,1354.4268292682927,815.2334393216746,1322.501324854266,Looking center,Fixation,Fixation
580.04179922234,1354.4268292682927,815.2334393216746,1322.501324854266,Looking center,Fixation,Fixation
577.7018864659052,1363.8003634475597,811.9497257021206,1326.5765987062966,Looking center,Fixation,Fixation
577.7018864659052,1363.8003634475597,811.9497257021206,1326.5765987062966,Looking center,Fixation,Fixation
569.226606638418,1374.4693679378531,803.0561984920217,1335.7462738909346,Looking center,Fixation,Fixation
569.226606638418,1374.4693679378531,803.0561984920217,1335.7462738909346,Looking center,Fixation,Fixation
548.2434968413229,1383.424005945745,776.363144329897,1344.9861683848796,Looking center,Fixation,Fixation
548.2434968413229,1383.424005945745,776.363144329897,1344.9861683848796,Looking center,Fixation,Fixation
541.5490586381355,1385.6836692377872,779.4914081678197,1344.4367328721269,Looking center,Fixation,Fixation
541.5490586381355,1385.6836692377872,779.4914081678197,1344.4367328721269,Looking center,Fixation,Fixation
540.7949693984177,1387.2792954172264,774.2584518892459,1346.1628422823926,Looking center,Fixation,Fixation
540.7949693984177,1387.2792954172264,774.2584518892459,1346.1628422823926,Looking center,Fixation,Fixation
543.0285248573757,1391.7189745869453,778.0946212952799,1349.4871569703623,Looking center,Fixation,Fixation
543.0285248573757,1391.7189745869453,778.0946212952799,1349.4871569703623,Looking center,Fixation,Fixation
543.4491525423729,1398.3771530935649,778.4568403908795,1359.9750950054288,Looking center,Fixation,Fixation
543.4491525423729,1398.3771530935649,778.4568403908795,1359.9750950054288,Looking center,Fixation,Fixation
386.5459253202508,1933.539293177069,600.6684960146348,1932.4337514700117,Looking center,Saccade,Saccade
386.5459253202508,1933.539293177069,600.6684960146348,1932.4337514700117,Looking center,Fixation,Fixation
-1,-1,-1,-1,Unknown,Saccade,Saccade
-1,-1,-1,-1,Unknown,Unknown,Unknown
-1,-1,-1,-1,Unknown,Unknown,Unknown
-1,-1,-1,-1,Unknown,Unknown,Unknown
-1,-1,-1,-1,Unknown,Unknown,Unknown
-1,-1,-1,-1,Unknown,Unknown,Unknown
-1,-1,-1,-1,Unknown,Unknown,Unknown
-1,-1,-1,-1,Unknown,Unknown,Unknown
-1,-1,-1,-1,Unknown,Unknown,Unknown
-1,-1,-1,-1,Unknown,Unknown,Unknown
-1,-1,-1,-1,Unknown,Unknown,Unknown
-1,-1,-1,-1,Unknown,Unknown,Unknown
-1,-1,-1,-1,Unknown,Unknown,Unknown
-1,-1,-1,-1,Unknown,Unknown,Unknown
-1,-1,-1,-1,Unknown,Unknown,Unknown
-1,-1,-1,-1,Unknown,Unknown,Unknown
-1,-1,-1,-1,Unknown,Unknown,Unknown
-1,-1,-1,-1,Unknown,Unknown,Unknown
-1,-1,-1,-1,Unknown,Unknown,Unknown
-1,-1,-1,-1,Unknown,Unknown,Unknown
-1,-1,-1,-1,Unknown,Unknown,Unknown
473.759737597376,1730.3112614459478,727.5345203215386,1680.2974983096688,Looking center,Unknown,Unknown
473.759737597376,1730.3112614459478,727.5345203215386,1680.2974983096688,Looking center,Fixation,Fixation
-1,-1,-1,-1,Unknown,Saccade,Saccade
713.7352957481013,1337.3560618659571,1030.5140488510544,1321.8239025204473,Looking center,Unknown,Unknown
713.7352957481013,1337.3560618659571,1030.5140488510544,1321.8239025204473,Looking center,Fixation,Fixation
701.5566062109234,1317.6084328011161,1023.8871562971049,1302.2252196060085,Looking center,Fixation,Fixation
701.5566062109234,1317.6084328011161,1023.8871562971049,1302.2252196060085,Looking center,Fixation,Fixation
695.8593546284225,1302.2220773576705,1015.7874674986999,1288.2785751430058,Looking center,Fixation,Fixation
695.8593546284225,1302.2220773576705,1015.7874674986999,1288.2785751430058,Looking center,Fixation,Fixation
693.1302585397202,1307.964259231796,1014.3674347158218,1293.2441372247824,Looking center,Fixation,Fixation
693.1302585397202,1307.964259231796,1014.3674347158218,1293.2441372247824,Looking center,Fixation,Fixation
683.1452258433391,1302.0354011816275,1006.9313162441051,1287.331605733763,Looking center,Fixation,Fixation
683.1452258433391,1302.0354011816275,1006.9313162441051,1287.331605733763,Looking center,Fixation,Fixation
599.8385465442967,1296.8570269089093,903.9821219715957,1269.230186577555,Looking right,Saccade,Saccade
599.8385465442967,1296.8570269089093,903.9821219715957,1269.230186577555,Looking right,Fixation,Fixation
-1,-1,-1,-1,Unknown,Saccade,Saccade
-1,-1,-1,-1,Unknown,Unknown,Unknown
-1,-1,-1,-1,Unknown,Unknown,Unknown
-1,-1,-1,-1,Unknown,Unknown,Unknown
-1,-1,-1,-1,Unknown,Unknown,Unknown
-1,-1,-1,-1,Unknown,Unknown,Unknown
-1,-1,-1,-1,Unknown,Unknown,Unknown
-1,-1,-1,-1,Unknown,Unknown,Unknown
271.0864978902954,1423.139240506329,511.8097171471106,1339.239003924753,Looking center,Unknown,Unknown
271.0864978902954,1423.139240506329,511.8097171471106,1339.239003924753,Looking center,Fixation,Fixation
289.796974522293,1451.2770700636943,600.3349975037444,1333.6638375769678,Blinking,Saccade,Saccade
289.796974522293,1451.2770700636943,600.3349975037444,1333.6638375769678,Blinking,Fixation,Fixation
286.7383576860634,1468.4322823207724,599.6765601217656,1352.2281202435313,Looking center,Fixation,Fixation
286.7383576860634,1468.4322823207724,599.6765601217656,1352.2281202435313,Looking center,Fixation,Fixation
291.1729631948793,1442.9500452236832,599.4941766418635,1344.360347244689,Looking center,Fixation,Fixation
291.1729631948793,1442.9500452236832,599.4941766418635,1344.360347244689,Looking center,Fixation,Fixation
284.1452793834297,1421.3087668593448,597.3265226949437,1343.1581102633734,Blinking,Fixation,Fixation
284.1452793834297,1421.3087668593448,597.3265226949437,1343.1581102633734,Blinking,Fixation,Fixation
275.05010683760685,1432.7364316239316,580.0922201321565,1360.4148941301307,Blinking,Fixation,Fixation
275.05010683760685,1432.7364316239316,580.0922201321565,1360.4148941301307,Blinking,Fixation,Fixation
-1,-1,-1,-1,Unknown,Saccade,Saccade
-1,-1,-1,-1,Unknown,Unknown,Unknown
271.6839205058717,1457.5109304426378,571.4522824588141,1333.0602365919153,Looking center,Unknown,Unknown
271.6839205058717,1457.5109304426378,571.4522824588141,1333.0602365919153,Looking center,Fixation,Fixation
274.12931118235696,1452.202079082872,581.0935088011549,1329.0540840690767,Looking center,Fixation,Fixation
274.12931118235696,1452.202079082872,581.0935088011549,1329.0540840690767,Looking center,Fixation,Fixation
270.1299473804621,1466.5455654693815,581.0369356084544,1332.6395618285233,Looking center,Fixation,Fixation
270.1299473804621,1466.5455654693815,581.0369356084544,1332.6395618285233,Looking center,Fixation,Fixation
268.23828125,1449.5614149305557,572.7523232323232,1335.127138047138,Looking center,Fixation,Fixation
268.23828125,1449.5614149305557,572.7523232323232,1335.127138047138,Looking center,Fixation,Fixation
268.84928492849286,1434.8987898789878,564.3716340525172,1331.9790377432123,Looking center,Fixation,Fixation
268.84928492849286,1434.8987898789878,564.3716340525172,1331.9790377432123,Looking center,Fixation,Fixation
307.04188255613127,1425.5626079447322,563.3840314716313,1329.5090314716313,Looking left,Saccade,Fixation
307.04188255613127,1425.5626079447322,563.3840314716313,1329.5090314716313,Looking left,Fixation,Fixation
252.51552795031057,1469.8442028985507,557.3383446492079,1345.5921974350683,Looking center,Saccade,Fixation
252.51552795031057,1469.8442028985507,557.3383446492079,1345.5921974350683,Looking center,Fixation,Fixation
-1,-1,-1,-1,Unknown,Saccade,Saccade
-1,-1,-1,-1,Unknown,Unknown,Unknown
-1,-1,-1,-1,Unknown,Unknown,Unknown
-1,-1,-1,-1,Unknown,Unknown,Unknown
-1,-1,-1,-1,Unknown,Unknown,Unknown
-1,-1,-1,-1,Unknown,Unknown,Unknown
-1,-1,-1,-1,Unknown,Unknown,Unknown
-1,-1,-1,-1,Unknown,Unknown,Unknown
-1,-1,-1,-1,Unknown,Unknown,Unknown
-1,-1,-1,-1,Unknown,Unknown,Unknown
-1,-1,-1,-1,Unknown,Unknown,Unknown
-1,-1,-1,-1,Unknown,Unknown,Unknown
574.5012361603783,1480.2857142857142,873.2909828508206,1452.9936689409305,Looking center,Unknown,Unknown
574.5012361603783,1480.2857142857142,873.2909828508206,1452.9936689409305,Looking center,Fixation,Fixation
585.0106841732638,1440.2058956040419,889.7763465302772,1417.9580728673359,Blinking,Saccade,Saccade
585.0106841732638,1440.2058956040419,889.7763465302772,1417.9580728673359,Blinking,Fixation,Fixation
554.617155416739,1369.898895251316,865.9860546522132,1350.2839882565493,Looking center,Saccade,Saccade
554.617155416739,1369.898895251316,865.9860546522132,1350.2839882565493,Looking center,Fixation,Fixation
537.1548966241703,1353.3334765792865,854.2083920684146,1331.692275162109,Looking center,Fixation,Fixation
537.1548966241703,1353.3334765792865,854.2083920684146,1331.692275162109,Looking center,Fixation,Fixation
601.1259395356606,1331.1747118757307,908.7932000747245,1317.8201008780122,Looking center,Saccade,Saccade
601.1259395356606,1331.1747118757307,908.7932000747245,1317.8201008780122,Looking center,Fixation,Fixation
590.9747038104387,1332.9886007044508,899.5986080315348,1316.041019955654,Blinking,Fixation,Fixation
590.9747038104387,1332.9886007044508,899.5986080315348,1316.041019955654,Blinking,Fixation,Fixation
587.0290349050053,1339.6364956132045,897.4141810124424,1327.1239134140105,Looking center,Fixation,Fixation
587.0290349050053,1339.6364956132045,897.4141810124424,1327.1239134140105,Looking center,Fixation,Fixation
566.5993046501521,1359.6073446327684,882.4362103525527,1345.4732342884095,Looking center,Fixation,Fixation
566.5993046501521,1359.6073446327684,882.4362103525527,1345.4732342884095,Looking center,Fixation,Fixation
562.2044054702997,1355.9098026933918,878.9130921895006,1343.2977486128896,Looking center,Fixation,Fixation
562.2044054702997,1355.9098026933918,878.9130921895006,1343.2977486128896,Looking center,Fixation,Fixation
558.0858953413535,1358.519778206842,878.4711574445336,1346.114621758888,Looking center,Fixation,Fixation
558.0858953413535,1358.519778206842,878.4711574445336,1346.114621758888,Looking center,Fixation,Fixation
571.028555029416,1365.1081934280385,882.6345616973757,1355.003908431044,Blinking,Fixation,Fixation
571.028555029416,1365.1081934280385,882.6345616973757,1355.003908431044,Blinking,Fixation,Fixation
570.343256414773,1351.9877869766897,885.8069682959049,1339.5424922941436,Looking center,Fixation,Fixation
570.343256414773,1351.9877869766897,885.8069682959049,1339.5424922941436,Looking center,Fixation,Fixation
561.1084025201673,1358.1839486545368,872.9509262667158,1348.2243283032756,Blinking,Fixation,Fixation
561.1084025201673,1358.1839486545368,872.9509262667158,1348.2243283032756,Blinking,Fixation,Fixation
-1,-1,-1,-1,Unknown,Saccade,Saccade
-1,-1,-1,-1,Unknown,Unknown,Unknown
-1,-1,-1,-1,Unknown,Unknown,Unknown
-1,-1,-1,-1,Unknown,Unknown,Unknown
-1,-1,-1,-1,Unknown,Unknown,Unknown
-1,-1,-1,-1,Unknown,Unknown,Unknown
-1,-1,-1,-1,Unknown,Unknown,Unknown
-1,-1,-1,-1,Unknown,Unknown,Unknown
-1,-1,-1,-1,Unknown,Unknown,Unknown
-1,-1,-1,-1,Unknown,Unknown,Unknown
-1,-1,-1,-1,Unknown,Unknown,Unknown
-1,-1,-1,-1,Unknown,Unknown,Unknown
-1,-1,-1,-1,Unknown,Unknown,Unknown
-1,-1,-1,-1,Unknown,Unknown,Unknown
-1,-1,-1,-1,Unknown,Unknown,Unknown
-1,-1,-1,-1,Unknown,Unknown,Unknown
-1,-1,-1,-1,Unknown,Unknown,Unknown
-1,-1,-1,-1,Unknown,Unknown,Unknown
367.00637124876476,1682.5619181359546,880.1690164606078,1645.4450630226786,Looking center,Unknown,Unknown
367.00637124876476,1682.5619181359546,880.1690164606078,1645.4450630226786,Looking center,Fixation,Fixation
118.37794153323628,1681.1659388646287,574.0322061191627,1598.2079500584564,Looking center,Saccade,Saccade
118.37794153323628,1681.1659388646287,574.0322061191627,1598.2079500584564,Looking center,Fixation,Fixation
-1,-1,-1,-1,Unknown,Saccade,Saccade
584.2976028946179,1432.2908186341022,820.8585895558809,1429.4479014153246,Blinking,Unknown,Unknown
584.2976028946179,1432.2908186341022,820.8585895558809,1429.4479014153246,Blinking,Fixation,Fixation
592.3614075569657,1374.093452552639,831.469280280866,1388.2187439048175,Looking center,Saccade,Saccade
592.3614075569657,1374.093452552639,831.469280280866,1388.2187439048175,Looking center,Fixation,Fixation
576.8120948234156,1396.6352201257862,818.1703236423477,1406.4629731212287,Looking center,Fixation,Fixation
576.8120948234156,1396.6352201257862,818.1703236423477,1406.4629731212287,Looking center,Fixation,Fixation
585.6098650619986,1385.4650802334063,827.1195935868755,1396.1210850111856,Looking center,Fixation,Fixation
585.6098650619986,1385.4650802334063,827.1195935868755,1396.1210850111856,Looking center,Fixation,Fixation
594.7311608961304,1385.3594704684317,836.0172122848464,1397.3694453819328,Blinking,Unknown,Unknown
594.7311608961304,1385.3594704684317,836.0172122848464,1397.3694453819328,Blinking,Fixation,Fixation
592.6509658388048,1384.8195832143876,836.7018728615163,1395.2433819556995,Looking center,Fixation,Fixation
592.6509658388048,1384.8195832143876,836.7018728615163,1395.2433819556995,Looking center,Fixation,Fixation
595.8561678209375,1386.2824450466726,839.2619926199262,1399.6559750212887,Looking center,Fixation,Fixation
595.8561678209375,1386.2824450466726,839.2619926199262,1399.6559750212887,Looking center,Fixation,Fixation
592.2471066624961,1385.7302679595455,836.1027708275415,1397.414234083959,Looking center,Fixation,Fixation
592.2471066624961,1385.7302679595455,836.1027708275415,1397.414234083959,Looking center,Fixation,Fixation
590.1599203715992,1385.766091572661,834.4531174713309,1398.0464488773248,Looking center,Fixation,Fixation
590.1599203715992,1385.766091572661,834.4531174713309,1398.0464488773248,Looking center,Fixation,Fixation
585.4270493585562,1400.5599043270277,827.2634827810266,1412.680745072558,Blinking,Fixation,Fixation
585.4270493585562,1400.5599043270277,827.2634827810266,1412.680745072558,Blinking,Fixation,Fixation
573.8082608095041,1409.9285812957592,815.5943603673522,1415.3028068813867,Blinking,Fixation,Fixation
573.8082608095041,1409.9285812957592,815.5943603673522,1415.3028068813867,Blinking,Fixation,Fixation
-1,-1,-1,-1,Unknown,Saccade,Saccade
-1,-1,-1,-1,Unknown,Unknown,Unknown
-1,-1,-1,-1,Unknown,Unknown,Unknown
-1,-1,-1,-1,Unknown,Unknown,Unknown
-1,-1,-1,-1,Unknown,Unknown,Unknown
-1,-1,-1,-1,Unknown,Unknown,Unknown
-1,-1,-1,-1,Unknown,Unknown,Unknown
608.3817512417074,1674.3007537077558,1045.7037037037037,1643.8931102483516,Looking center,Unknown,Unknown
608.3817512417074,1674.3007537077558,1045.7037037037037,1643.8931102483516,Looking center,Fixation,Fixation
625.8342596881272,1667.9884591631928,1053.1129211918685,1640.1133667502088,Looking center,Unknown,Unknown
620.0342198251814,1667.7204141094787,1057.6153681392236,1634.1475502008032,Looking center,Fixation,Fixation
620.0342198251814,1667.7204141094787,1057.6153681392236,1634.1475502008032,Looking center,Fixation,Fixation
612.8913947949843,1667.4050385928667,1047.567119591404,1639.7403392117183,Looking center,Fixation,Fixation
612.8913947949843,1667.4050385928667,1047.567119591404,1639.7403392117183,Looking center,Fixation,Fixation
530.6679118773947,1727.3260057471264,868.5567648016371,1653.2859401888284,Looking center,Saccade,Saccade
530.6679118773947,1727.3260057471264,868.5567648016371,1653.2859401888284,Looking center,Fixation,Fixation
479.0162864775997,1758.054510891903,778.2184112667142,1685.5917002927447,Looking center,Saccade,Saccade
479.0162864775997,1758.054510891903,778.2184112667142,1685.5917002927447,Looking center,Fixation,Fixation
479.15471512770137,1780.455468238376,784.7785421352031,1702.2277197160117,Looking center,Fixation,Fixation
479.15471512770137,1780.455468238376,784.7785421352031,1702.2277197160117,Looking center,Fixation,Fixation
492.4849419714999,1784.5915234317615,788.634620588349,1719.5070934322935,Looking center,Fixation,Fixation
492.4849419714999,1784.5915234317615,788.634620588349,1719.5070934322935,Looking center,Fixation,Fixation
471.4966920427769,1795.594435381548,784.929763960852,1719.2693532911148,Looking center,Fixation,Fixation
471.4966920427769,1795.594435381548,784.929763960852,1719.2693532911148,Looking center,Fixation,Fixation
481.19175627240145,1785.3021613989356,791.8190217818668,1708.354800660533,Looking center,Fixation,Fixation
481.19175627240145,1785.3021613989356,791.8190217818668,1708.354800660533,Looking center,Fixation,Fixation
477.41218373863916,1787.7441906165561,783.8967328967328,1707.5825655825656,Looking center,Fixation,Fixation
477.41218373863916,1787.7441906165561,783.8967328967328,1707.5825655825656,Looking center,Fixation,Fixation
462.11887842229936,1776.974274224646,777.1584635138026,1703.2536200870247,Looking center,Fixation,Fixation
462.11887842229936,1776.974274224646,777.1584635138026,1703.2536200870247,Looking center,Fixation,Fixation
449.5617119301649,1786.3117119301648,766.1833689359462,1710.1092845422743,Looking center,Fixation,Fixation
449.5617119301649,1786.3117119301648,766.1833689359462,1710.1092845422743,Looking center,Fixation,Fixation
467.83753390222927,1806.1917708540054,759.6873107624552,1728.4329361802525,Looking center,Fixation,Fixation
467.83753390222927,1806.1917708540054,759.6873107624552,1728.4329361802525,Looking center,Fixation,Fixation
453.70036737692874,1799.2311535635563,752.3363927738927,1727.4152097902097,Looking center,Fixation,Fixation
453.70036737692874,1799.2311535635563,752.3363927738927,1727.4152097902097,Looking center,Fixation,Fixation
464.98095687755745,1815.1327772531738,766.1728439059159,1725.8945513582007,Looking center,Fixation,Fixation
464.98095687755745,1815.1327772531738,766.1728439059159,1725.8945513582007,Looking center,Fixation,Fixation
446.2984354097598,1803.4198801837956,742.8032764126059,1729.7779397473275,Looking center,Fixation,Fixation
446.2984354097598,1803.4198801837956,742.8032764126059,1729.7779397473275,Looking center,Fixation,Fixation
441.37421939436786,1809.1195161226974,745.5823330832708,1721.5001562890723,Looking center,Fixation,Fixation
441.37421939436786,1809.1195161226974,745.5823330832708,1721.5001562890723,Looking center,Fixation,Fixation
439.9716798861094,1809.8674496644296,753.6496257769885,1716.4706330077381,Looking center,Fixation,Fixation
439.9716798861094,1809.8674496644296,753.6496257769885,1716.4706330077381,Looking center,Fixation,Fixation
453.8066929781286,1804.544729485282,757.8285452672542,1717.077524703369,Looking center,Fixation,Fixation
453.8066929781286,1804.544729485282,757.8285452672542,1717.077524703369,Looking center,Fixation,Fixation
446.2560767146133,1812.4934333958724,757.3340447040323,1721.9271032236325,Looking center,Fixation,Fixation
446.2560767146133,1812.4934333958724,757.3340447040323,1721.9271032236325,Looking center,Fixation,Fixation
-1,-1,-1,-1,Unknown,Unknown,Unknown
-1,-1,-1,-1,Unknown,Unknown,Unknown
-1,-1,-1,-1,Unknown,Unknown,Unknown
-1,-1,-1,-1,Unknown,Unknown,Unknown
942.8827023014105,1946.5083725150541,1164.332105760151,1975.6500472143532,Looking left,Unknown,Unknown
942.8827023014105,1946.5083725150541,1164.332105760151,1975.6500472143532,Looking left,Fixation,Fixation
831.9003831417624,1836.867975734355,1091.3278560250392,1846.0196735971383,Blinking,Saccade,Saccade
831.9003831417624,1836.867975734355,1091.3278560250392,1846.0196735971383,Blinking,Fixation,Fixation
737.1206358494246,1793.0454456797347,989.1643709825528,1789.888429752066,Looking left,Saccade,Saccade
737.1206358494246,1793.0454456797347,989.1643709825528,1789.888429752066,Looking left,Fixation,Fixation
597.2797140303843,1760.06836461126,866.0886836027713,1740.487297921478,Blinking,Saccade,Saccade
597.2797140303843,1760.06836461126,866.0886836027713,1740.487297921478,Blinking,Fixation,Fixation
624.8771168411199,1702.6710918219726,887.7938094077505,1686.6686977008692,Looking left,Saccade,Saccade
624.8771168411199,1702.6710918219726,887.7938094077505,1686.6686977008692,Looking left,Fixation,Fixation
626.0921944035346,1695.6331860579282,886.3264577893821,1678.751087902524,Looking left,Fixation,Fixation
626.0921944035346,1695.6331860579282,886.3264577893821,1678.751087902524,Looking left,Fixation,Fixation
631.6522351284759,1701.3617564237945,892.5873209635416,1684.2427571614583,Looking left,Fixation,Fixation
631.6522351284759,1701.3617564237945,892.5873209635416,1684.2427571614583,Looking left,Fixation,Fixation
634.4730971128608,1706.8647356580427,898.1552473416551,1690.1506241331483,Blinking,Fixation,Fixation
634.4730971128608,1706.8647356580427,898.1552473416551,1690.1506241331483,Blinking,Fixation,Fixation
627.7671568627451,1687.6155882352941,892.3856064336123,1671.8540948629575,Looking left,Fixation,Fixation
627.7671568627451,1687.6155882352941,892.3856064336123,1671.8540948629575,Looking left,Fixation,Fixation
589.8729529040789,1696.934086054318,851.844204348406,1673.0569561157797,Blinking,Saccade,Saccade
589.8729529040789,1696.934086054318,851.844204348406,1673.0569561157797,Blinking,Fixation,Fixation
631.5870297585626,1664.6671345685945,896.1041440463264,1647.4651646760767,Looking left,Saccade,Saccade
-1,-1,-1,-1,Unknown,Saccade,Saccade
-1,-1,-1,-1,Unknown,Unknown,Unknown
-1,-1,-1,-1,Unknown,Unknown,Unknown
-1,-1,-1,-1,Unknown,Unknown,Unknown
-1,-1,-1,-1,Unknown,Unknown,Unknown
-1,-1,-1,-1,Unknown,Unknown,Unknown
-1,-1,-1,-1,Unknown,Unknown,Unknown
570.7562623660731,1651.2089073057828,964.9877037855762,1647.7150225660864,Looking center,Unknown,Unknown
570.7562623660731,1651.2089073057828,964.9877037855762,1647.7150225660864,Looking center,Fixation,Fixation
575.5772605671482,1649.9678972712682,958.8752678745373,1647.9986849795441,Blinking,Fixation,Fixation
575.5772605671482,1649.9678972712682,958.8752678745373,1647.9986849795441,Blinking,Fixation,Fixation
586.6531625597476,1649.719012483178,970.2449293433084,1642.6042394014962,Looking center,Unknown,Unknown
586.6531625597476,1649.719012483178,970.2449293433084,1642.6042394014962,Looking center,Fixation,Fixation
580.1157647475956,1649.0247750742367,964.930350877193,1643.219649122807,Looking center,Fixation,Fixation
580.1157647475956,1649.0247750742367,964.930350877193,1643.219649122807,Looking center,Fixation,Fixation
593.2762918224523,1646.2759083501103,969.9169571616701,1640.3274459679294,Looking center,Fixation,Fixation
593.2762918224523,1646.2759083501103,969.9169571616701,1640.3274459679294,Looking center,Fixation,Fixation
589.2676526242406,1646.2705905786277,968.2787805370483,1640.1649101554613,Looking center,Unknown,Unknown
575.7273318589827,1647.579159620138,965.8332033281331,1642.3933957358295,Looking center,Fixation,Fixation
575.7273318589827,1647.579159620138,965.8332033281331,1642.3933957358295,Looking center,Fixation,Fixation
576.4784414646259,1645.7055397534878,964.1235945663532,1640.5024033437826,Looking center,Fixation,Fixation
576.4784414646259,1645.7055397534878,964.1235945663532,1640.5024033437826,Looking center,Fixation,Fixation
580.1504198612632,1650.784436447087,967.4651656061347,1645.7243704791429,Blinking,Fixation,Fixation
580.1504198612632,1650.784436447087,967.4651656061347,1645.7243704791429,Blinking,Fixation,Fixation
573.561793045664,1653.5284643671741,994.0620557681793,1652.2193821760525,Blinking,Fixation,Fixation
573.561793045664,1653.5284643671741,994.0620557681793,1652.2193821760525,Blinking,Fixation,Fixation
590.5977898134471,1645.405985010121,972.4872948536658,1641.1837425547415,Looking center,Fixation,Fixation
590.5977898134471,1645.405985010121,972.4872948536658,1641.1837425547415,Looking center,Fixation,Fixation
588.4347350254661,1635.9964642000252,966.1109190766986,1630.914851941468,Looking center,Fixation,Fixation
588.4347350254661,1635.9964642000252,966.1109190766986,1630.914851941468,Looking center,Fixation,Fixation
-1,-1,-1,-1,Unknown,Saccade,Saccade
-1,-1,-1,-1,Unknown,Unknown,Unknown
396.63609492441515,1763.5766404864453,777.9282574438085,1713.6684913328356,Looking center,Unknown,Unknown
396.63609492441515,1763.5766404864453,777.9282574438085,1713.6684913328356,Looking center,Fixation,Fixation
454.21761236526334,1658.3428106569047,822.3683554020341,1624.5779600844367,Looking center,Saccade,Saccade
454.21761236526334,1658.3428106569047,822.3683554020341,1624.5779600844367,Looking center,Fixation,Fixation
462.0281145668599,1652.5572395009665,830.978007828595,1625.591213432221,Looking center,Fixation,Fixation
462.0281145668599,1652.5572395009665,830.978007828595,1625.591213432221,Looking center,Fixation,Fixation
462.3952507232401,1652.0739713918354,830.9417670682731,1622.0692771084337,Looking center,Fixation,Fixation
462.3952507232401,1652.0739713918354,830.9417670682731,1622.0692771084337,Looking center,Fixation,Fixation
404.53492289749903,1608.790160252257,773.4923138550898,1563.2879675529518,Looking center,Saccade,Saccade
404.53492289749903,1608.790160252257,773.4923138550898,1563.2879675529518,Looking center,Fixation,Fixation
383.6888649339242,1593.31704395736,756.2877153662978,1544.849838913013,Looking center,Fixation,Fixation
383.6888649339242,1593.31704395736,756.2877153662978,1544.849838913013,Looking center,Fixation,Fixation
363.8905776338192,1575.8232631535236,731.2819139194139,1526.3927655677655,Looking center,Fixation,Saccade
-1,-1,-1,-1,Unknown,Unknown,Unknown
-1,-1,-1,-1,Unknown,Unknown,Unknown
498.0122886550908,1585.7260285689847,972.6626659554291,1562.7349751066856,Looking center,Unknown,Unknown
498.0122886550908,1585.7260285689847,972.6626659554291,1562.7349751066856,Looking center,Fixation,Fixation
478.8640595903166,1547.233147113594,995.3244886199942,1529.7190723134543,Looking center,Unknown,Unknown
478.8640595903166,1547.233147113594,995.3244886199942,1529.7190723134543,Looking center,Fixation,Fixation
478.26334645271976,1554.0128670905237,1055.2580811998967,1532.7495474528057,Blinking,Unknown,Unknown
478.26334645271976,1554.0128670905237,1055.2580811998967,1532.7495474528057,Blinking,Fixation,Fixation
557.9327056069794,1540.700819236089,1035.0274029478928,1532.2485641132103,Blinking,Saccade,Fixation
557.9327056069794,1540.700819236089,1035.0274029478928,1532.2485641132103,Blinking,Fixation,Fixation
564.4642996706302,1543.731814883046,941.0221248173659,1531.9227718639115,Blinking,Fixation,Saccade
564.4642996706302,1543.731814883046,941.0221248173659,1531.9227718639115,Blinking,Fixation,Fixation
516.107551913586,1557.376912810007,948.5947700521781,1534.300206285645,Blinking,Saccade,Fixation
516.107551913586,1557.376912810007,948.5947700521781,1534.300206285645,Blinking,Fixation,Fixation
552.3104870384917,1547.4397748101596,942.4477844578045,1536.9276330438654,Blinking,Saccade,Fixation
552.3104870384917,1547.4397748101596,942.4477844578045,1536.9276330438654,Blinking,Fixation,Fixation
554.8275978407557,1550.490440845704,941.0241329996425,1533.839292098677,Blinking,Fixation,Fixation
554.8275978407557,1550.490440845704,941.0241329996425,1533.839292098677,Blinking,Fixation,Fixation
559.3235390140385,1557.3669604962456,949.8353291240293,1545.037303142463,Blinking,Unknown,Unknown
569.379321221297,1566.1166414332577,958.0308745126124,1555.693323784515,Blinking,Fixation,Fixation
569.379321221297,1566.1166414332577,958.0308745126124,1555.693323784515,Blinking,Fixation,Fixation
541.3508131039359,1576.9334197501767,954.0105263157894,1558.0690746474029,Blinking,Saccade,Fixation
541.3508131039359,1576.9334197501767,954.0105263157894,1558.0690746474029,Blinking,Fixation,Fixation
-1,-1,-1,-1,Unknown,Saccade,Saccade
-1,-1,-1,-1,Unknown,Unknown,Unknown
565.9741205640787,1585.0214370576994,994.0120849685417,1569.5563446084843,Blinking,Unknown,Unknown
565.9741205640787,1585.0214370576994,994.0120849685417,1569.5563446084843,Blinking,Fixation,Fixation
577.3374356499356,1557.8771718146718,1004.7548255382331,1549.3520786933927,Blinking,Fixation,Fixation
577.3374356499356,1557.8771718146718,1004.7548255382331,1549.3520786933927,Blinking,Fixation,Fixation
514.7542880479173,1561.6566385334422,986.9879155568708,1547.20681661241,Blinking,Saccade,Fixation
514.7542880479173,1561.6566385334422,986.9879155568708,1547.20681661241,Blinking,Fixation,Fixation
567.6122679580307,1546.0230024213074,953.1869216533005,1536.2115977791486,Blinking,Saccade,Saccade
567.6122679580307,1546.0230024213074,953.1869216533005,1536.2115977791486,Blinking,Fixation,Fixation
-1,-1,-1,-1,Unknown,Unknown,Unknown
-1,-1,-1,-1,Unknown,Unknown,Unknown
466.80100778332655,1558.3047194853107,1039.2329410464667,1544.5367147356208,Looking center,Unknown,Unknown
466.80100778332655,1558.3047194853107,1039.2329410464667,1544.5367147356208,Looking center,Fixation,Fixation
465.21829436038513,1561.9085281980742,1038.7434660233212,1564.2555957646427,Looking center,Fixation,Fixation
465.21829436038513,1561.9085281980742,1038.7434660233212,1564.2555957646427,Looking center,Fixation,Fixation
485.4220924821255,1594.6667935863265,972.4600186301907,1552.2483208314948,Looking center,Saccade,Saccade
485.4220924821255,1594.6667935863265,972.4600186301907,1552.2483208314948,Looking center,Fixation,Fixation
-1,-1,-1,-1,Unknown,Saccade,Saccade
-1,-1,-1,-1,Unknown,Unknown,Unknown
563.9708909888626,1652.4746315671055,1120.4162258867455,1629.2459033395562,Looking center,Unknown,Unknown
-1,-1,-1,-1,Unknown,Unknown,Unknown
-1,-1,-1,-1,Unknown,Unknown,Unknown
436.3807859971382,1451.337293268111,870.5391490188459,1413.9985428404896,Looking center,Unknown,Unknown
436.3807859971382,1451.337293268111,870.5391490188459,1413.9985428404896,Looking center,Fixation,Fixation
423.1240138541466,1493.2141299467642,857.7732955142346,1457.5182967398537,Looking center,Unknown,Unknown
423.1240138541466,1493.2141299467642,857.7732955142346,1457.5182967398537,Looking center,Fixation,Fixation
442.04281205457136,1524.1174913459581,878.2925304376439,1486.3257650542942,Blinking,Unknown,Unknown
481.1879468845761,1533.736125297923,917.9537326142492,1498.4552464755416,Blinking,Unknown,Unknown
481.1879468845761,1533.736125297923,917.9537326142492,1498.4552464755416,Blinking,Fixation,Fixation
459.6043044366959,1551.2536170894955,896.6561140121845,1515.4205287206266,Blinking,Fixation,Fixation
459.6043044366959,1551.2536170894955,896.6561140121845,1515.4205287206266,Blinking,Fixation,Fixation
451.74110983348237,1560.152846982667,888.4914446284309,1523.0162075367555,Blinking,Fixation,Fixation
451.74110983348237,1560.152846982667,888.4914446284309,1523.0162075367555,Blinking,Fixation,Fixation
453.3691087039149,1569.0750190041808,887.8730031522146,1532.4562162739755,Blinking,Fixation,Fixation
453.3691087039149,1569.0750190041808,887.8730031522146,1532.4562162739755,Blinking,Fixation,Fixation
457.3216203025866,1571.735436354763,892.5988474467745,1535.7163972039912,Blinking,Fixation,Fixation
457.3216203025866,1571.735436354763,892.5988474467745,1535.7163972039912,Blinking,Fixation,Fixation
376.51192601748846,1595.6800805750127,1012.6001000166694,1533.142857142857,Blinking,Saccade,Saccade
376.51192601748846,1595.6800805750127,1012.6001000166694,1533.142857142857,Blinking,Fixation,Fixation
457.8086991746418,1574.4793154083752,891.5132860207955,1535.352423392199,Blinking,Saccade,Saccade
457.8086991746418,1574.4793154083752,891.5132860207955,1535.352423392199,Blinking,Fixation,Fixation
-1,-1,-1,-1,Unknown,Saccade,Saccade
-1,-1,-1,-1,Unknown,Unknown,Unknown
-1,-1,-1,-1,Unknown,Unknown,Unknown
-1,-1,-1,-1,Unknown,Unknown,Unknown
-1,-1,-1,-1,Unknown,Unknown,Unknown
-1,-1,-1,-1,Unknown,Unknown,Unknown
-1,-1,-1,-1,Unknown,Unknown,Unknown
-1,-1,-1,-1,Unknown,Unknown,Unknown
-1,-1,-1,-1,Unknown,Unknown,Unknown
-1,-1,-1,-1,Unknown,Unknown,Unknown
-1,-1,-1,-1,Unknown,Unknown,Unknown
-1,-1,-1,-1,Unknown,Unknown,Unknown
-1,-1,-1,-1,Unknown,Unknown,Unknown
-1,-1,-1,-1,Unknown,Unknown,Unknown
-1,-1,-1,-1,Unknown,Unknown,Unknown
-1,-1,-1,-1,Unknown,Unknown,Unknown
-1,-1,-1,-1,Unknown,Unknown,Unknown
-1,-1,-1,-1,Unknown,Unknown,Unknown
-1,-1,-1,-1,Unknown,Unknown,Unknown
-1,-1,-1,-1,Unknown,Unknown,Unknown
-1,-1,-1,-1,Unknown,Unknown,Unknown
-1,-1,-1,-1,Unknown,Unknown,Unknown
-1,-1,-1,-1,Unknown,Unknown,Unknown
-1,-1,-1,-1,Unknown,Unknown,Unknown
-1,-1,-1,-1,Unknown,Unknown,Unknown
-1,-1,-1,-1,Unknown,Unknown,Unknown
741.4123203831825,1950.0418662409083,1024.6659535337612,1836.4491235971925,Looking center,Unknown,Unknown
741.4123203831825,1950.0418662409083,1024.6659535337612,1836.4491235971925,Looking center,Fixation,Fixation
715.6001589430289,1892.8795509859435,1015.1372793641992,1808.2614823029294,Looking center,Unknown,Unknown
722.0734274263809,1955.9274089562641,1017.6226846117854,1832.6983733795723,Looking center,Saccade,Fixation
722.0734274263809,1955.9274089562641,1017.6226846117854,1832.6983733795723,Looking center,Fixation,Fixation
723.3739376770538,1979.012166775623,1027.4420188883728,1847.4090726118593,Looking center,Fixation,Fixation
723.3739376770538,1979.012166775623,1027.4420188883728,1847.4090726118593,Looking center,Fixation,Fixation
717.0137394783528,1969.1379609708224,1005.883847680924,1842.731997834326,Looking center,Fixation,Fixation
717.0137394783528,1969.1379609708224,1005.883847680924,1842.731997834326,Looking center,Fixation,Fixation
560.5661375661375,1895.224818734078,850.589606846087,1785.123444540907,Looking center,Saccade,Saccade
560.5661375661375,1895.224818734078,850.589606846087,1785.123444540907,Looking center,Fixation,Fixation
605.8134179095948,1616.6883821932681,917.700201884253,1548.6750785105428,Looking center,Saccade,Saccade
605.8134179095948,1616.6883821932681,917.700201884253,1548.6750785105428,Looking center,Fixation,Fixation
553.5585077343039,1638.4861389141645,875.0573670444638,1569.4641673931997,Blinking,Saccade,Saccade
553.5585077343039,1638.4861389141645,875.0573670444638,1569.4641673931997,Blinking,Fixation,Fixation
549.9612560713882,1646.7342708686322,865.9018771331058,1575.1519908987486,Looking center,Fixation,Fixation
549.9612560713882,1646.7342708686322,865.9018771331058,1575.1519908987486,Looking center,Fixation,Fixation
562.6135687845136,1662.2851507979854,876.7180762852405,1589.4402985074628,Blinking,Fixation,Fixation
562.6135687845136,1662.2851507979854,876.7180762852405,1589.4402985074628,Blinking,Fixation,Fixation
570.3615283267457,1683.0813570487483,885.4494348244348,1612.3840187590188,Blinking,Fixation,Fixation
570.3615283267457,1683.0813570487483,885.4494348244348,1612.3840187590188,Blinking,Fixation,Fixation
584.8567660409766,1728.2804563857196,897.6991302420919,1655.9842114010305,Blinking,Saccade,Saccade
584.8567660409766,1728.2804563857196,897.6991302420919,1655.9842114010305,Blinking,Fixation,Fixation
585.4660470879802,1729.0672862453532,897.2166244012398,1655.6921949845027,Blinking,Fixation,Fixation
602.2946640128898,1423.5662496445834,952.0085775199564,1413.0700084287769,Looking center,Unknown,Unknown
602.2946640128898,1423.5662496445834,952.0085775199564,1413.0700084287769,Looking center,Fixation,Fixation
537.0275732414225,1370.5265549114836,910.4520336605891,1358.378821879383,Blinking,Saccade,Saccade
537.0275732414225,1370.5265549114836,910.4520336605891,1358.378821879383,Blinking,Fixation,Fixation
512.8205527598051,1361.404545091461,906.5289216278227,1350.8220826792256,Looking center,Fixation,Fixation
512.8205527598051,1361.404545091461,906.5289216278227,1350.8220826792256,Looking center,Fixation,Fixation
490.6581412241465,1363.1672592422678,882.5225988700565,1349.4580765279918,Looking center,Fixation,Fixation
490.6581412241465,1363.1672592422678,882.5225988700565,1349.4580765279918,Looking center,Fixation,Fixation
453.13444850198294,1364.2344210154317,850.5971481199188,1344.1447217987804,Looking center,Saccade,Saccade
453.13444850198294,1364.2344210154317,850.5971481199188,1344.1447217987804,Looking center,Fixation,Fixation
454.23151598352615,1396.5764528992613,859.872743551974,1373.6324697455448,Looking center,Saccade,Saccade
454.23151598352615,1396.5764528992613,859.872743551974,1373.6324697455448,Looking center,Fixation,Fixation
525.9306892106604,1394.5774500104926,941.5240382050051,1386.8340003201536,Looking center,Saccade,Saccade
525.9306892106604,1394.5774500104926,941.5240382050051,1386.8340003201536,Looking center,Fixation,Fixation
